rainfall_mm,slope_deg,elevation_m,soil_moisture,historical_events,infrastructure_density,landslide_risk
191.83,6.38,1875.15,30.09,11,10.25,0
9.53,10.15,1663.3,64.18,8,19.88,0
163.48,17.12,3446.33,82.85,0,75.88,1
64.59,46.99,1011.05,44.19,5,84.75,1
242.14,45.14,3181.14,97.58,6,7.88,0
108.49,15.58,847.78,69.51,12,28.94,1
69.84,10.56,1889.87,67.21,5,16.27,0
205.06,8.93,3674.89,58.07,3,16.34,1
296.86,40.2,3284.75,71.62,12,77.6,1
80.32,16.6,5214.55,88.87,5,21.26,1
265.4,40.36,1214.36,22.57,11,56.14,0
119.82,17.06,5487.69,55.86,1,75.58,0
45.85,13.8,3902.41,63.68,6,38.16,0
258.23,5.63,4103.61,71.35,8,75.09,0
102.05,21.14,1290.79,10.29,11,87.59,1
273.79,52.88,1992.22,67.51,9,19.89,1
48.46,57.44,5112.17,92.66,9,32.42,0
249.5,21.91,789.63,89.02,1,8.57,1
20.76,46.83,4329.17,21.56,7,94.68,0
289.31,56.09,4276.33,72.09,11,31.17,0
194.96,29.1,3087.88,20.89,3,6.4,1
2.16,43.93,794.37,16.07,0,85.96,1
71.4,41.79,1571.18,21.91,9,57.62,1
28.3,41.24,2271.49,47.0,11,5.42,0
193.85,8.33,4141.07,82.05,1,24.87,1
83.56,18.74,5116.33,49.88,8,9.79,0
162.18,5.81,966.31,77.82,3,16.63,1
17.59,25.84,5426.54,33.87,12,78.51,1
208.98,45.18,4416.81,69.57,7,15.48,1
162.66,46.14,785.83,62.58,8,91.94,1
17.06,32.93,4756.71,16.17,1,67.52,0
73.86,37.7,3596.91,47.73,9,56.52,1
78.23,41.83,2070.92,33.91,2,67.17,0
21.76,30.21,5492.27,99.65,1,53.76,1
39.74,24.2,843.96,31.99,4,15.77,0
296.17,40.97,539.12,83.54,4,93.18,1
263.44,19.55,4948.56,76.82,2,27.23,1
190.27,19.52,2942.66,91.48,0,9.23,1
83.0,5.2,4355.6,67.34,4,16.16,0
33.56,56.98,3955.1,23.41,0,83.46,0
44.43,12.01,2041.29,90.91,12,97.22,0
200.08,24.45,3299.42,88.72,9,74.95,0
71.02,13.94,4499.44,25.93,6,2.48,0
240.67,52.52,4553.75,34.01,12,70.13,1
11.62,30.89,1497.86,92.66,5,30.52,1
57.94,23.05,4821.76,97.02,4,35.11,0
203.86,51.4,2155.75,12.48,4,17.86,1
130.37,45.07,2068.39,64.56,8,11.56,0
57.02,7.44,2680.29,56.79,12,53.85,0
109.27,8.85,3821.19,39.72,5,66.34,1
270.01,32.89,3834.46,39.36,11,29.57,0
203.2,54.65,3577.57,37.09,8,83.37,1
63.05,48.22,3533.31,39.0,7,44.22,0
238.81,14.33,923.98,56.39,10,61.93,1
285.6,17.92,2052.1,82.59,2,2.44,0
21.85,27.79,3648.83,27.5,11,38.4,1
44.27,42.82,4963.3,87.44,1,77.84,0
139.36,35.66,5087.35,20.92,2,80.14,0
296.37,37.75,5250.2,90.23,9,81.5,0
133.77,13.75,4807.47,50.51,12,24.72,0
229.74,33.67,3633.74,34.71,1,71.35,0
24.17,13.3,2415.18,23.75,3,6.42,1
162.78,27.87,1534.17,47.81,12,58.41,0
114.11,5.32,2258.79,77.81,6,53.82,0
239.96,54.38,2941.15,34.56,7,2.9,1
49.51,30.71,1138.14,66.0,0,90.69,0
198.9,9.62,2643.06,88.02,2,5.03,1
228.37,25.85,4260.05,84.87,4,83.49,1
224.71,7.86,5259.6,30.18,1,78.12,0
59.81,6.12,1261.91,21.36,10,11.44,0
139.51,19.09,2344.48,64.53,11,71.84,1
173.61,56.09,3378.98,91.72,6,39.67,0
22.8,42.98,3636.21,19.17,12,30.16,0
169.78,7.26,3163.73,69.54,1,50.6,1
254.87,50.23,1027.69,96.47,10,89.16,1
156.52,40.78,3579.56,92.77,12,48.35,1
219.31,19.76,4758.57,84.77,1,27.89,0
200.46,23.5,2971.53,39.25,7,21.21,0
102.1,53.42,4005.92,34.86,0,51.66,1
166.55,18.22,2880.47,74.07,7,79.29,1
66.48,43.05,2031.03,62.34,7,55.35,0
105.54,29.96,2033.11,30.75,11,19.26,1
160.76,46.92,1425.75,29.47,7,27.65,0
294.15,50.79,1981.23,42.48,4,1.41,1
82.29,58.59,3266.79,72.77,2,63.79,1
85.3,31.33,2203.53,96.89,4,94.11,1
246.63,27.04,870.41,66.65,0,15.17,1
74.46,35.69,2580.87,63.65,9,22.57,0
135.15,29.35,4800.83,99.1,4,56.86,1
228.82,39.4,1823.23,17.31,3,17.38,1
0.8,29.78,3469.06,36.21,3,28.81,1
70.03,19.55,4456.24,63.08,12,93.37,1
163.37,40.62,5042.06,84.4,1,5.96,0
276.36,29.15,2843.49,37.37,6,94.27,1
148.14,9.42,699.3,48.88,5,60.37,0
258.16,37.29,603.73,78.83,4,57.62,0
52.56,33.54,2711.15,35.03,9,43.59,1
122.5,22.66,1023.0,24.47,6,69.37,1
283.56,49.75,3250.48,50.93,5,25.24,0
247.48,5.06,4846.84,51.58,0,18.76,1
226.93,39.4,4299.95,28.32,8,13.1,1
8.66,39.65,4496.57,73.88,4,55.08,1
27.96,59.57,5064.65,51.53,1,64.77,1
211.62,27.85,2912.5,52.5,7,55.13,1
276.56,32.95,4896.63,87.76,4,77.27,0
80.15,5.14,4130.25,85.37,9,99.89,1
44.58,34.62,2225.62,59.67,8,37.72,0
71.64,26.06,4780.06,46.97,5,74.47,0
243.42,26.23,3818.44,83.87,2,49.53,1
260.91,53.08,2701.53,57.34,7,1.53,1
261.28,58.35,874.14,80.34,4,33.86,0
255.7,52.26,2400.05,38.5,11,88.74,1
162.3,38.96,1673.85,71.6,4,99.74,1
190.12,52.99,2718.39,72.46,0,4.6,0
88.01,25.62,1227.85,57.8,9,68.18,0
114.76,42.57,2988.34,62.48,3,46.11,1
76.6,5.52,4523.17,91.11,10,54.66,0
89.75,57.91,3951.57,51.12,4,19.92,1
144.96,18.05,3359.61,61.73,11,29.52,1
169.78,42.72,4223.34,14.41,9,74.52,0
270.88,47.67,1650.59,82.17,3,63.66,0
197.75,51.11,3641.24,91.31,10,3.94,0
10.01,25.07,1157.06,91.87,5,74.75,1
291.45,34.2,5067.43,84.74,4,91.4,0
290.22,21.23,4851.98,82.38,7,96.29,0
217.27,58.9,5336.35,82.41,5,9.03,1
79.34,11.8,2342.93,77.41,4,58.46,1
70.15,6.38,4921.17,60.53,9,22.14,1
247.16,55.02,2010.95,46.75,2,4.53,1
70.44,34.57,2443.23,43.39,11,69.65,1
176.2,44.96,4927.07,68.94,7,61.57,1
65.18,29.46,1680.56,42.64,10,36.73,0
193.45,8.33,1879.41,97.14,7,9.17,0
15.17,23.34,5444.1,80.83,3,6.86,0
62.15,16.88,4848.48,39.57,2,78.86,0
296.26,34.71,4492.57,19.89,0,13.18,1
236.53,37.39,578.91,33.88,2,74.17,1
233.41,33.23,1045.27,55.35,9,4.34,0
260.09,33.68,2790.21,96.76,0,99.86,1
213.72,29.4,4996.33,38.99,2,6.57,1
189.92,35.16,2125.93,99.52,8,29.49,0
34.32,41.01,4888.53,59.62,3,43.01,0
124.14,50.51,2493.65,75.67,5,42.68,1
276.9,8.69,4658.86,18.39,1,74.46,1
39.03,8.3,5283.12,60.55,10,12.22,0
260.43,44.66,5341.99,64.04,5,10.36,1
46.42,31.52,4736.37,41.51,8,36.76,0
253.55,58.6,4592.13,65.22,10,55.67,1
197.35,43.14,644.77,34.59,12,30.9,0
169.9,27.04,1209.37,66.99,0,9.18,0
112.86,29.95,1287.05,38.05,5,77.68,1
47.22,38.98,3869.84,34.49,10,42.4,0
124.26,16.86,3061.73,41.07,1,28.32,0
13.63,26.74,3496.62,10.69,4,94.53,0
229.25,20.92,1099.92,54.76,6,17.57,1
250.01,49.34,860.38,87.56,0,43.62,1
23.36,22.22,2646.42,46.4,10,41.77,1
240.4,39.0,4660.13,92.78,1,43.67,1
130.7,27.02,893.24,88.35,11,33.95,1
34.21,33.05,5029.61,41.44,11,95.82,0
44.31,10.65,1779.84,25.61,2,76.02,0
148.24,46.49,4299.39,50.4,9,64.3,0
96.96,58.4,2080.69,49.58,7,44.22,1
152.2,22.07,2759.57,15.12,4,7.67,0
256.59,38.83,3035.34,51.64,8,95.42,0
171.5,15.35,3525.03,55.12,0,45.05,0
251.21,59.03,921.65,68.15,0,24.77,1
47.62,25.51,1914.47,46.79,5,67.89,1
189.27,23.41,2148.45,60.22,6,28.41,0
261.98,23.33,3413.7,22.73,5,31.02,0
198.64,12.09,4044.17,17.62,8,37.67,0
248.69,45.63,3927.07,57.38,10,67.05,1
5.47,21.99,5255.85,40.76,12,48.63,1
253.33,10.56,4354.37,85.16,8,3.77,1
229.89,12.21,2383.6,24.6,11,77.11,1
123.26,42.2,1687.65,49.98,4,75.24,0
70.2,18.15,5327.98,80.59,3,36.78,1
84.53,26.0,3137.3,96.96,3,80.13,1
75.0,40.26,4870.58,59.91,1,71.14,1
48.09,29.71,3066.76,84.79,1,94.64,1
135.34,24.23,633.35,14.79,8,37.4,1
95.61,10.45,4073.52,40.18,2,13.76,1
248.93,43.28,1193.96,73.5,7,61.53,1
44.86,56.71,3544.4,48.09,12,28.81,1
14.32,28.09,4469.5,51.14,1,83.67,0
172.51,44.52,1956.36,10.14,5,24.06,1
199.31,9.71,5373.27,16.09,8,54.41,1
262.0,7.39,2434.41,43.6,11,1.62,0
103.44,45.31,3641.28,79.44,11,75.67,1
192.84,50.67,3923.41,98.27,7,63.17,0
18.93,47.69,2788.4,36.41,0,79.11,1
119.47,49.85,2867.0,13.3,10,19.11,1
234.25,52.62,2159.62,21.2,5,43.7,0
101.71,15.27,3960.34,43.06,12,51.93,0
218.12,9.34,3512.27,84.01,8,29.38,1
133.77,44.47,1333.22,49.95,7,4.24,0
105.77,59.9,1872.78,98.2,0,7.5,0
203.82,57.4,1213.9,64.68,12,43.82,1
70.8,40.48,2310.75,95.45,0,60.51,1
228.93,36.57,3147.3,45.82,10,27.87,0
7.77,15.23,3088.73,92.22,1,26.18,0
85.67,55.41,2956.0,21.04,1,45.2,0
133.53,9.83,3909.65,86.1,5,66.78,1
89.99,13.66,4047.82,73.02,2,79.37,0
36.41,16.05,1194.38,81.13,0,36.09,0
38.93,53.63,828.74,45.83,11,71.89,1
230.75,50.28,868.75,97.51,10,7.42,1
248.72,35.32,3438.93,79.1,2,43.26,0
16.62,11.83,1265.08,24.82,5,93.47,0
85.21,9.34,1481.51,96.07,4,12.52,1
160.04,32.64,1343.18,94.74,2,17.12,1
277.18,7.27,4818.91,17.31,10,77.1,1
63.24,36.47,3590.54,12.73,10,54.56,1
242.2,27.34,2767.72,71.98,2,43.96,1
61.21,38.37,2062.91,74.65,11,98.8,0
154.49,10.84,1708.69,21.03,7,24.79,1
87.06,26.13,3576.89,32.34,2,81.35,1
47.8,59.78,2834.08,89.12,7,2.32,0
151.63,58.17,1575.72,41.76,0,28.14,0
85.72,5.45,1037.49,22.05,4,72.75,0
109.78,27.03,3351.41,27.52,8,28.86,0
247.59,39.28,3555.22,21.58,1,39.39,0
101.73,56.64,4274.83,27.92,8,40.14,0
241.19,33.56,1244.7,90.38,2,32.8,1
48.75,59.48,4196.6,36.93,5,50.73,0
142.47,5.92,2156.2,19.86,6,58.37,0
217.6,42.84,633.24,52.71,10,78.29,0
175.06,14.38,3645.13,65.78,6,14.78,0
9.47,57.15,1049.48,11.7,5,41.88,0
183.44,30.94,4741.88,75.47,11,13.81,1
97.51,41.42,3127.39,38.24,2,45.97,0
260.3,42.44,4518.26,33.79,7,19.23,1
167.43,17.37,5364.55,36.79,4,70.49,1
168.15,56.4,4108.32,35.9,9,67.66,1
294.05,50.01,5273.04,82.42,4,4.21,0
196.79,46.1,1569.93,84.52,4,93.3,0
41.18,38.86,3434.15,31.82,10,90.52,1
99.09,30.98,3905.96,22.37,8,97.79,1
195.87,53.44,2878.5,68.55,12,96.39,0
26.84,36.58,3175.76,75.08,0,91.32,1
264.67,14.67,5098.17,99.75,6,78.8,0
86.84,7.06,1991.96,64.25,5,28.46,0
162.99,32.17,5192.8,86.6,7,27.28,0
194.49,44.52,570.42,40.34,4,56.78,0
52.65,52.09,4985.21,84.43,8,32.79,0
143.24,56.47,534.15,44.52,7,75.38,0
90.58,44.76,557.18,68.83,11,23.63,1
205.82,55.77,4939.01,79.29,11,11.74,0
88.51,38.8,1595.64,22.02,2,45.5,0
273.84,46.65,4509.97,84.3,12,24.75,1
261.94,9.5,2733.74,73.34,1,91.72,0
60.65,34.52,1322.69,86.9,7,11.62,1
174.94,10.0,3051.88,82.78,7,13.19,0
201.83,21.95,608.85,32.9,0,74.58,0
13.59,23.95,818.8,99.47,1,98.61,1
40.63,40.28,4146.45,96.74,5,99.29,1
260.89,54.87,2378.23,71.45,10,87.46,1
297.85,26.62,1136.74,98.09,0,75.62,0
138.9,44.55,2620.64,44.13,3,24.75,0
217.51,11.21,4547.39,47.73,12,93.62,0
72.2,8.7,3469.72,50.18,10,70.33,1
70.3,16.95,4818.65,15.08,8,99.35,1
274.92,36.69,3387.37,79.53,5,23.69,1
124.07,20.13,3283.59,63.25,11,91.16,0
128.16,32.26,5361.45,94.74,10,38.12,1
89.97,15.11,3189.64,31.69,3,30.07,0
241.73,55.31,3311.93,97.1,8,53.0,1
23.72,29.74,2355.39,58.21,3,5.15,1
181.49,7.18,863.92,82.42,9,72.43,0
99.89,57.64,576.67,94.34,11,11.73,0
143.68,18.34,3522.01,28.41,3,55.21,0
107.78,19.39,3064.08,54.75,1,80.28,0
228.49,22.61,1515.64,38.16,0,56.25,1
280.43,36.85,2587.89,23.72,5,23.0,1
73.72,35.29,5217.32,40.38,12,82.16,1
50.47,48.72,1346.33,74.83,7,18.4,0
297.1,57.65,3119.72,85.52,1,94.52,1
252.76,17.73,4035.85,10.82,8,45.6,1
191.32,56.36,5063.76,69.34,0,0.66,1
82.42,58.76,585.71,83.18,10,43.06,0
53.78,55.49,3121.93,31.69,9,52.65,1
111.92,27.33,3325.01,99.12,3,30.0,0
24.19,59.54,3749.47,12.85,6,37.93,1
51.42,32.49,2669.55,80.59,9,97.73,0
268.44,55.55,1648.83,91.11,11,88.76,1
277.68,54.46,3317.55,12.96,5,1.57,1
43.26,50.14,4604.51,93.6,4,16.25,1
268.96,23.25,4278.05,22.6,11,72.42,1
292.3,7.95,2685.44,85.48,5,60.52,0
97.91,39.88,4417.74,50.55,3,35.58,0
129.55,42.38,3803.36,17.71,9,29.54,1
114.0,48.11,1271.38,45.07,5,10.66,1
92.48,24.8,1848.83,21.93,2,43.1,1
26.89,35.48,3484.62,80.6,6,1.23,1
233.75,44.87,3297.68,99.35,3,57.2,1
90.34,32.12,816.34,49.12,6,29.98,0
108.34,56.93,4104.5,54.62,9,19.55,0
99.67,39.11,4520.38,39.66,5,43.06,0
195.31,37.69,2002.18,64.29,11,20.09,0
87.43,43.22,2955.04,61.83,3,32.59,1
235.76,25.08,5160.34,27.98,8,17.99,0
282.89,16.53,4488.43,84.82,1,81.9,0
122.74,32.46,3666.68,31.78,10,15.41,1
179.38,37.02,3171.84,93.11,11,41.83,1
290.53,43.59,4561.48,63.44,1,10.94,1
183.8,35.98,3725.16,68.21,12,33.16,0
31.78,10.42,1610.01,77.22,8,58.05,1
231.7,37.37,3002.33,41.05,0,48.28,1
276.16,9.72,4656.59,75.71,5,31.19,1
142.85,29.1,3983.82,38.7,4,4.47,0
6.78,23.87,1046.81,82.0,11,24.39,1
287.54,17.75,2525.24,26.6,10,65.73,1
221.22,53.57,2747.88,48.66,0,70.47,0
18.77,10.6,4859.9,26.83,5,19.71,1
201.21,31.92,5329.58,38.21,6,61.13,0
185.21,49.76,4029.94,36.77,9,59.02,0
93.96,18.12,1084.74,43.6,2,51.08,1
55.73,39.95,3967.16,68.07,2,55.49,1
42.09,22.3,2755.0,14.83,5,95.18,1
168.47,40.92,2545.67,54.26,11,83.99,1
24.8,6.7,4305.28,36.29,4,22.48,0
231.76,32.24,3054.03,61.54,4,77.51,0
110.06,50.24,708.05,74.71,8,21.85,0
74.26,53.11,661.15,33.65,1,43.91,0
232.69,18.03,4553.51,62.91,5,86.1,0
235.45,49.74,4527.2,61.31,8,28.11,1
97.1,43.72,1946.67,34.06,8,98.55,0
235.71,55.53,5462.43,88.03,2,70.14,1
43.87,22.72,1737.77,85.92,6,48.95,1
135.6,39.85,4900.63,18.38,8,74.98,0
263.2,30.01,2940.22,62.38,12,84.72,1
209.19,51.76,4478.39,45.79,6,82.48,1
96.86,20.6,3236.55,21.75,7,78.83,1
187.85,51.02,581.41,93.65,2,44.13,1
287.41,16.13,3942.96,21.87,10,30.19,1
108.13,9.53,3822.54,68.4,0,39.63,1
209.83,17.88,3777.43,73.33,0,21.34,1
133.52,5.44,2217.87,20.85,6,69.4,1
68.68,9.91,4529.78,19.29,5,88.1,0
39.94,59.61,1214.27,57.75,0,61.03,1
105.36,16.72,4241.34,92.79,9,68.66,1
225.73,37.43,2420.16,96.69,5,79.11,1
193.39,18.65,3505.0,74.91,4,77.9,0
90.49,33.48,3047.61,77.31,4,64.62,0
238.13,18.16,2429.43,31.7,10,59.39,0
280.18,12.26,4804.07,61.15,5,54.64,1
141.3,59.31,864.96,62.86,0,26.22,0
151.98,39.57,3005.24,47.39,11,40.23,1
161.3,13.4,917.99,17.11,3,97.43,0
228.97,40.74,3715.77,37.92,6,73.0,0
17.37,9.74,2672.42,50.8,9,5.5,1
3.8,12.55,556.75,54.68,5,52.3,0
216.23,14.18,1134.65,80.3,4,73.29,1
128.8,33.81,1814.75,97.75,10,7.71,1
108.04,32.48,3334.43,43.09,4,77.33,1
222.23,5.14,4793.45,11.11,0,47.18,1
45.03,56.21,4787.43,59.76,11,74.07,1
216.09,19.92,889.44,43.55,8,67.33,1
66.96,33.37,729.64,46.08,7,86.6,1
137.02,25.29,1957.98,80.61,11,62.27,1
177.51,32.13,4363.07,27.59,8,76.05,1
69.9,24.05,4697.87,88.95,5,0.15,0
254.7,45.0,1019.75,57.68,3,41.98,1
83.95,7.41,1657.36,86.1,6,70.08,1
292.37,9.67,977.89,22.02,6,7.48,0
71.03,19.35,2075.04,82.07,11,83.19,1
135.83,17.85,5217.77,22.25,12,58.47,1
121.95,34.48,5323.17,28.69,4,46.33,0
27.13,49.42,2021.07,73.42,9,4.03,1
74.47,24.57,3067.3,70.95,4,82.01,1
285.63,52.0,3279.77,59.51,1,46.2,1
249.11,59.04,1153.58,84.13,5,68.63,0
25.21,37.24,5087.14,16.75,1,19.78,1
254.18,49.49,1112.64,94.81,0,16.8,0
246.51,26.72,647.41,71.49,2,35.39,1
44.59,38.78,3584.89,68.26,7,41.2,0
18.29,20.39,1186.18,27.95,12,52.58,0
296.82,48.01,2295.56,59.01,7,34.4,1
96.48,19.87,630.31,63.74,0,89.58,0
158.83,47.18,5498.03,97.66,1,24.79,1
160.11,48.52,4185.3,78.76,3,57.57,0
297.46,14.55,1682.76,38.62,11,69.76,0
8.46,43.53,5237.79,60.72,9,94.84,0
162.64,14.66,689.82,15.06,9,21.88,0
0.21,55.48,1507.32,21.74,11,17.75,1
44.31,43.76,1208.26,19.98,8,86.07,0
112.08,56.81,2477.98,19.09,4,32.26,1
191.78,31.8,2086.42,73.65,8,69.36,0
236.1,17.28,3444.75,25.78,4,73.4,1
210.6,36.51,4753.78,79.37,9,3.24,1
276.31,58.21,1604.48,60.9,7,14.06,0
50.37,53.69,943.63,73.81,10,72.93,1
3.42,16.53,3965.88,41.54,12,10.8,0
290.73,53.65,2965.41,44.08,8,37.53,0
236.62,36.79,4291.22,30.3,7,7.37,1
285.5,9.08,1350.53,43.79,11,7.5,0
293.41,23.59,5426.38,90.39,11,3.1,0
47.13,10.57,1527.75,27.1,11,55.41,0
162.04,41.33,1987.0,18.63,6,57.18,1
128.28,21.2,3810.1,64.02,3,9.7,1
191.46,58.74,2867.85,20.4,12,39.75,1
163.24,15.17,4927.46,43.25,7,4.46,1
79.02,51.04,3321.23,23.6,11,66.75,1
291.21,37.43,3268.01,85.67,8,41.86,1
260.07,31.12,4908.27,52.86,1,39.48,1
155.05,36.43,5413.77,23.27,12,44.9,0
50.15,16.65,1463.63,13.84,1,98.83,0
250.23,19.18,5054.02,92.28,1,8.7,1
165.62,52.11,3098.44,92.54,0,78.66,1
124.33,13.15,3439.67,78.25,1,92.49,0
30.3,20.74,3178.17,40.95,6,26.41,0
51.66,27.16,3591.22,71.27,6,3.88,0
99.45,18.07,4228.75,92.88,5,2.02,1
147.49,43.29,991.09,88.2,2,30.05,0
232.21,22.65,4144.0,64.45,1,18.79,0
227.85,52.7,4605.09,56.37,2,6.56,1
121.02,47.93,3121.43,61.18,2,19.28,1
136.93,55.49,4023.17,34.66,7,50.51,0
37.16,6.68,2362.33,63.46,2,96.05,1
251.3,19.23,4654.35,18.14,0,38.66,1
171.68,58.07,4785.56,68.26,10,20.67,0
290.14,42.52,2870.49,21.91,2,60.11,1
75.72,49.28,2027.3,97.03,10,27.54,1
65.46,21.62,3103.19,66.12,9,10.23,0
198.71,51.38,2371.15,68.26,9,28.27,1
82.94,22.88,1884.42,69.05,10,29.88,1
229.64,54.48,4527.15,82.21,9,40.41,1
149.21,21.26,5034.56,46.41,11,3.53,0
171.61,15.45,4132.75,30.01,8,63.83,1
90.06,14.35,3788.07,60.24,4,9.76,1
77.6,49.46,4314.59,26.48,10,89.96,1
261.43,28.13,4934.22,43.45,9,29.41,0
141.16,52.65,3417.87,94.99,1,47.22,0
158.95,27.72,4854.25,23.57,3,34.27,0
267.85,59.27,1216.12,87.62,2,77.89,1
190.35,5.26,1867.64,78.51,2,57.63,1
235.56,47.89,1147.03,49.03,6,40.34,1
59.82,25.52,570.39,39.0,8,19.06,0
188.01,18.69,3967.62,40.99,2,10.27,1
13.72,57.17,2779.63,56.83,8,33.78,0
298.64,23.85,5006.92,42.33,3,16.49,1
67.3,59.17,1555.95,11.97,8,16.9,1
195.16,7.05,4882.72,33.02,8,62.31,1
250.84,7.65,1078.95,49.99,1,54.73,1
45.94,43.24,3651.56,37.1,10,10.1,0
125.65,54.42,3057.92,65.59,4,11.4,1
59.59,15.99,1814.97,57.08,3,35.79,0
273.11,42.85,2903.32,31.11,0,67.16,0
250.57,41.8,1245.72,18.11,8,7.5,0
137.03,58.75,1820.63,14.51,2,87.41,0
108.06,42.22,2629.98,20.43,12,89.03,1
98.6,54.2,5275.45,34.15,11,9.3,0
54.86,27.04,5311.55,34.46,6,68.99,0
50.03,12.29,4132.06,98.34,2,10.37,0
144.8,36.29,2690.81,65.02,12,35.86,0
292.03,12.19,5101.99,20.16,6,44.07,1
196.49,5.68,4841.66,57.23,11,57.66,0
101.49,33.77,4002.9,18.57,10,72.67,1
199.11,40.28,1243.27,84.38,9,5.46,0
255.56,52.82,874.33,54.25,3,33.09,1
152.08,35.28,2393.19,83.54,1,45.91,0
134.12,11.53,2986.87,68.8,1,40.34,1
164.73,50.42,4458.92,96.69,10,30.46,1
285.11,24.98,771.38,30.06,7,33.2,0
179.99,44.42,2316.47,50.73,1,75.93,0
289.33,21.06,3109.93,73.19,0,89.69,1
246.55,45.84,2546.05,32.89,3,18.75,1
234.43,44.42,1038.83,47.3,10,83.75,1
231.64,29.78,3792.28,96.06,2,96.39,1
129.84,37.18,5121.85,80.3,2,69.18,1
244.57,10.7,3787.61,64.55,5,50.41,0
228.71,20.05,5317.97,97.34,7,80.48,1
180.76,53.75,3061.47,85.88,8,86.07,1
60.27,39.33,1952.9,41.08,10,13.27,0
292.55,14.78,3212.46,67.32,11,11.54,1
200.15,27.96,4239.34,85.73,4,87.75,1
3.83,10.86,2404.35,14.78,0,19.99,1
75.17,51.17,3952.97,36.56,12,54.12,1
135.78,38.89,3877.63,60.57,3,74.24,0
239.65,20.82,3822.47,93.38,6,41.66,0
205.54,58.12,769.01,76.93,3,62.06,0
273.45,43.75,3738.16,77.96,8,73.85,1
217.47,15.64,2744.07,98.51,1,18.7,1
128.55,35.61,1150.33,62.56,4,0.56,1
281.25,7.2,5143.14,63.72,12,93.24,1
171.8,24.69,4420.16,38.61,3,95.7,0
235.88,13.77,3215.4,46.31,5,22.12,1
65.53,46.4,3152.49,99.7,12,98.11,1
200.68,29.51,5022.48,65.23,9,24.38,1
238.86,11.24,1782.95,75.16,0,91.13,0
112.49,49.15,2727.78,13.95,10,19.25,1
286.88,34.59,536.65,15.89,10,62.95,1
205.62,50.96,1527.9,84.59,11,77.52,0
46.13,30.26,2158.58,17.88,0,17.8,1
21.13,50.19,5054.93,46.69,7,63.02,0
160.45,40.28,3591.75,78.04,9,4.55,0
107.31,32.66,1949.18,71.73,9,8.65,1
198.22,31.07,3167.34,22.27,6,79.68,0
88.49,39.87,1990.28,89.83,12,86.71,1
262.43,12.78,708.87,61.54,6,53.72,0
91.41,46.16,5017.73,40.95,6,90.56,1
185.07,18.9,1073.11,70.39,9,85.23,0
279.71,59.69,2806.33,59.47,4,67.17,1
285.46,24.64,3856.48,31.11,4,61.95,0
95.34,29.79,3581.71,37.51,9,15.24,0
50.59,22.23,4428.3,74.1,10,43.61,0
40.29,45.31,4889.43,51.66,5,77.48,0
24.59,20.43,4632.22,90.22,3,26.32,0
22.94,9.15,593.15,55.65,0,81.26,1
11.0,19.33,4969.93,58.57,10,77.52,1
66.99,47.47,4166.13,36.19,7,50.11,1
71.66,58.02,5409.27,71.57,12,51.41,1
53.74,57.18,3797.07,97.1,11,73.2,0
69.52,19.54,1670.09,70.17,8,90.77,1
140.9,30.01,732.19,98.25,5,10.32,1
222.57,36.82,3350.8,43.9,6,36.53,0
250.64,33.42,2381.64,91.65,8,40.58,0
266.15,5.36,4910.17,49.59,3,7.71,0
63.46,15.28,2311.11,74.56,1,66.11,1
202.57,31.35,3453.95,68.25,6,2.24,1
172.05,13.86,3647.7,13.53,9,14.69,1
121.64,58.31,3688.11,89.07,11,66.17,1
25.72,29.71,5463.88,88.06,2,21.94,0
230.25,39.28,3054.02,25.09,10,34.27,1
177.18,17.64,2427.31,19.77,3,52.27,0
181.65,14.76,5008.04,63.98,12,53.14,0
27.96,41.27,5009.92,58.54,0,89.7,0
111.11,7.39,3149.08,30.65,12,48.21,0
105.16,49.25,5039.29,85.35,9,9.77,1
257.72,20.58,4883.83,46.78,3,0.55,0
2.13,33.74,3098.81,43.75,3,68.78,1
195.47,18.95,4774.88,48.12,5,61.19,0
119.24,16.2,3260.52,60.18,2,37.02,1
103.31,43.8,4178.91,86.95,10,11.91,1
234.93,57.21,1001.39,55.75,12,33.84,0
48.22,58.05,526.45,18.2,2,47.17,0
26.44,19.47,2354.18,64.81,11,38.43,1
213.48,37.86,5228.58,83.82,10,49.44,1
255.17,56.19,3090.77,27.53,12,59.95,1
10.82,18.16,501.44,24.17,4,77.97,1
118.54,37.23,3088.71,76.32,1,91.92,0
174.88,24.11,4577.57,30.37,3,45.48,1
1.4,14.63,3031.19,60.28,8,29.43,0
262.83,49.72,3374.47,72.48,6,56.32,0
227.24,57.87,2794.24,51.46,9,86.2,1
236.6,17.12,4005.88,82.01,6,95.54,1
2.92,50.77,1741.29,18.37,10,74.88,1
94.16,17.02,3368.56,26.45,11,68.31,0
149.7,15.98,4177.15,88.55,3,22.92,1
233.68,11.59,892.44,96.02,7,61.38,0
162.44,7.32,2911.46,65.86,7,89.81,1
54.86,47.03,3055.67,45.81,12,57.67,1
239.78,31.31,3203.84,55.22,6,86.04,1
155.46,22.36,542.09,70.67,6,58.1,1
183.83,19.28,3242.82,31.34,7,95.85,1
125.73,46.37,2325.39,46.05,7,17.99,1
172.77,17.57,999.35,34.3,3,55.53,0
221.56,31.01,548.71,47.94,2,99.56,0
155.1,44.63,4426.66,37.0,8,85.85,1
64.64,18.99,4694.86,18.67,11,33.47,1
168.11,56.25,1788.57,11.79,1,35.11,0
194.96,34.61,5396.87,35.61,5,67.32,1
220.96,53.93,2405.35,35.79,10,95.66,0
126.54,38.68,2523.86,91.64,1,16.2,1
95.06,21.02,1837.36,68.02,4,88.77,0
156.28,29.77,1336.59,86.88,2,72.78,0
282.13,43.54,900.32,25.02,1,9.56,1
231.28,33.82,5480.07,19.35,9,15.53,0
265.64,22.02,1736.98,35.58,10,12.64,1
107.05,55.34,4821.21,52.05,8,93.49,1
40.53,57.17,3196.44,63.17,7,63.1,1
191.86,22.03,2235.84,58.57,12,8.96,1
123.66,13.56,552.78,57.1,12,84.79,1
276.63,57.08,2885.34,10.82,6,79.8,1
239.03,35.15,1442.85,89.39,6,39.48,1
113.51,19.46,2611.2,31.56,12,80.0,1
208.18,19.95,3742.29,57.87,4,41.29,1
191.07,38.98,1860.67,66.05,3,32.06,1
290.91,6.22,5361.66,35.39,2,71.52,1
148.07,23.81,2057.88,81.95,5,46.37,0
99.07,51.4,5258.22,15.04,12,39.24,0
75.02,25.99,563.08,97.71,11,24.9,0
132.89,45.57,667.55,51.48,12,9.4,1
288.36,56.49,1293.06,75.54,11,93.74,1
75.99,40.12,1493.62,89.88,10,21.78,1
50.21,20.19,1098.25,81.02,0,96.88,0
207.23,42.86,1274.96,79.37,3,15.77,0
299.09,39.38,798.88,68.01,11,53.64,1
146.35,22.42,3291.75,68.02,5,80.55,0
107.45,12.41,4993.32,53.68,7,55.9,1
147.03,36.17,3218.1,39.13,7,27.53,1
20.66,13.53,1978.36,33.7,5,45.41,0
151.79,45.35,4914.66,65.78,5,77.6,0
161.69,26.31,3120.35,54.78,8,15.41,1
122.94,22.71,981.28,69.3,0,83.52,1
145.61,10.43,3355.06,85.27,10,48.99,1
177.09,7.7,1603.61,74.61,0,93.02,0
23.99,49.06,803.5,60.22,6,82.2,0
17.49,38.93,3145.1,76.09,4,7.79,1
69.31,26.19,1465.6,69.12,9,62.53,1
224.76,27.84,1027.57,67.48,5,67.45,1
237.74,35.25,3023.46,69.18,8,99.84,1
105.7,22.33,5457.31,39.22,5,41.23,1
72.22,35.01,2375.32,59.52,11,25.41,0
134.25,26.84,4131.57,98.47,9,1.63,1
295.32,16.82,2074.52,79.44,11,82.23,0
153.38,36.39,3358.06,18.49,7,35.57,1
69.9,49.61,959.53,45.98,3,73.43,0
237.87,14.51,4628.53,72.06,9,81.95,1
242.5,25.99,4400.61,92.97,5,34.79,0
124.96,52.73,4848.93,30.4,10,84.95,1
16.24,33.84,2096.58,60.84,5,50.24,1
15.16,45.24,2464.41,50.11,9,57.53,0
44.4,23.49,2879.27,77.08,8,39.92,1
150.55,47.56,1151.88,22.14,8,19.81,0
299.12,33.83,1711.58,33.96,6,32.34,0
26.88,41.95,2617.7,41.35,5,34.45,1
104.91,50.19,4513.98,66.09,7,4.49,0
59.91,25.56,4288.67,86.75,1,73.96,1
249.73,20.82,2216.36,82.39,4,45.01,1
62.7,34.59,1519.01,57.09,4,54.88,0
200.48,25.71,5030.2,57.41,4,17.03,1
236.76,38.99,765.43,68.93,0,6.66,0
108.07,10.93,1962.48,89.51,6,23.12,1
292.98,10.48,2077.28,88.01,8,8.8,1
213.74,7.19,5111.35,37.44,7,39.34,1
104.03,24.36,3626.15,31.26,8,27.59,1
299.99,59.47,5220.68,95.42,3,15.17,0
197.08,9.83,2411.04,96.45,9,87.27,1
127.94,22.18,3526.84,50.43,2,20.68,1
162.41,49.01,4812.94,37.81,11,89.86,0
231.01,41.09,3324.22,24.22,1,55.73,0
35.52,22.47,4898.19,75.44,12,31.87,1
223.68,50.19,3684.24,76.45,2,77.91,1
55.42,46.93,3559.91,34.02,9,61.24,1
23.84,47.89,1170.43,86.15,7,71.2,1
255.64,32.03,1187.56,27.39,0,40.86,0
66.77,41.92,1514.17,28.41,2,92.71,0
260.14,31.95,2124.48,51.18,3,42.76,0
216.06,26.68,5195.7,61.47,8,52.52,0
236.08,33.64,2758.05,84.43,0,87.78,0
11.78,26.31,4325.8,96.63,3,29.12,1
91.37,50.52,2806.74,48.02,9,91.9,1
193.83,9.97,3003.29,26.18,9,93.78,0
40.59,27.75,2754.43,26.1,9,89.66,1
97.22,40.67,4057.35,24.76,11,12.35,1
134.82,24.96,3119.09,44.57,12,97.52,1
13.17,14.4,2175.97,88.42,2,16.21,1
230.75,7.82,2040.31,75.71,7,28.88,0
1.06,47.1,561.04,54.79,7,54.35,1
264.81,18.08,3444.31,52.81,6,44.19,0
83.43,39.57,4600.61,28.69,2,14.83,0
11.02,51.96,3834.98,85.42,4,33.11,0
48.4,20.64,3804.62,72.99,9,78.73,1
136.6,36.84,5157.4,18.38,4,32.28,0
252.99,8.57,2854.08,20.98,4,32.92,1
62.95,16.5,790.92,61.42,10,52.89,1
236.46,43.87,2635.27,86.3,4,52.54,0
106.16,12.13,3313.17,56.77,10,49.77,1
87.15,15.65,1091.04,51.84,12,11.79,0
239.87,59.94,2570.21,40.04,8,80.6,1
76.33,8.73,2001.42,59.5,12,0.61,0
102.41,44.84,3579.97,12.62,2,19.4,1
142.35,6.96,1178.77,23.98,7,89.21,0
100.53,48.12,2569.77,76.83,8,29.93,1
62.48,42.7,4497.68,89.92,5,6.62,1
252.22,23.65,2376.2,58.08,2,57.1,0
225.46,43.79,2072.5,12.85,6,8.68,0
111.48,50.62,2013.14,57.26,2,11.22,0
133.13,6.37,2913.32,55.0,3,34.01,0
262.16,22.07,2136.69,79.25,1,82.21,1
217.37,30.27,4068.39,57.01,0,31.1,1
254.44,52.95,2166.45,90.03,1,52.06,1
93.64,54.07,2104.4,27.33,4,53.23,0
201.34,20.0,1287.48,20.3,9,55.96,1
81.32,56.88,4520.01,61.67,2,7.12,0
101.62,29.4,1150.37,52.37,10,5.05,1
211.4,54.02,3647.35,72.11,7,61.63,1
245.23,44.21,3854.35,58.01,12,76.44,0
209.58,10.35,2051.96,68.0,12,46.54,1
67.14,52.36,3584.71,92.16,6,18.34,0
97.43,31.81,826.83,20.16,7,46.12,1
230.38,38.24,1136.97,19.26,11,79.68,0
159.82,27.04,2567.21,65.88,8,15.9,1
19.82,16.45,3970.3,48.8,6,56.72,1
200.88,45.67,4059.54,85.31,1,59.22,1
166.53,50.21,1380.87,96.03,1,59.83,0
98.22,40.47,807.41,29.59,2,88.73,0
190.84,5.01,1233.63,23.43,8,29.15,1
263.23,21.49,4471.73,71.16,6,71.78,0
297.09,37.05,3557.45,55.94,2,85.25,0
0.25,35.8,5393.48,19.87,4,86.57,1
210.67,26.68,2090.64,44.45,6,43.52,1
166.63,51.38,2301.44,47.55,4,99.75,0
40.28,8.95,578.54,74.92,7,65.79,1
241.78,52.31,4967.91,72.59,6,62.32,1
127.24,50.1,2423.57,30.32,6,60.46,1
150.52,27.6,3230.83,43.03,0,56.81,0
33.95,31.48,3952.49,22.79,11,52.64,1
155.08,33.78,3550.35,32.07,10,74.17,0
23.42,39.85,4490.49,38.12,0,90.36,1
271.82,36.57,2157.57,41.76,12,29.46,1
208.52,37.87,2020.35,80.65,4,6.14,1
297.11,49.49,3621.59,35.81,1,12.68,1
235.13,18.86,3578.99,34.77,4,1.42,0
45.34,29.57,4539.2,33.51,11,23.62,1
158.22,6.82,5420.36,97.06,9,93.39,0
231.11,18.09,2700.93,67.38,3,57.78,0
16.3,19.54,4597.66,14.73,7,39.87,0
159.76,25.89,4028.04,52.71,2,53.04,1
86.64,48.85,2410.02,38.41,8,68.29,1
286.86,28.75,5090.21,87.25,5,27.03,0
76.6,37.13,2805.54,70.78,3,73.43,1
207.08,14.9,3238.06,70.55,1,1.2,1
31.17,29.53,1597.08,35.5,3,3.4,0
268.19,16.93,3496.92,20.96,1,8.64,0
112.79,47.01,3739.53,82.29,2,89.6,1
280.85,40.13,5113.48,34.87,6,69.22,0
231.04,19.15,4403.66,34.96,0,38.28,0
79.4,29.23,2958.61,93.57,9,39.26,0
32.53,34.73,2656.27,65.26,1,91.26,1
171.4,18.78,2729.41,90.69,2,65.29,1
11.35,26.48,1258.04,39.68,6,57.46,0
130.82,51.42,4404.69,80.68,8,22.58,1
206.78,47.89,1106.02,58.18,5,33.34,0
194.12,25.09,4766.71,40.61,7,76.05,1
60.94,35.5,5337.56,69.47,4,69.59,1
25.46,39.8,4176.62,22.59,3,2.54,0
71.55,26.38,4463.7,67.91,7,53.39,0
11.11,8.08,4438.89,13.85,1,21.17,0
156.94,56.7,4851.0,58.29,11,57.93,1
196.15,30.92,5090.1,14.12,11,64.88,1
189.8,54.76,4603.7,18.76,9,17.07,1
149.14,48.95,1602.86,82.4,6,33.73,0
221.38,27.11,1104.01,71.57,8,13.73,0
177.93,23.45,1103.73,22.71,6,16.81,1
49.5,18.4,3409.93,22.0,12,84.74,1
146.09,5.35,1397.06,18.02,10,59.37,1
208.05,48.57,2880.06,21.42,2,63.98,0
183.16,7.07,1400.0,54.99,1,62.72,0
104.36,5.25,1678.2,20.58,8,97.68,0
152.26,30.53,3632.32,28.73,0,19.37,0
205.57,58.27,2872.06,25.87,10,92.27,1
75.41,38.93,4950.4,50.78,1,74.04,0
52.77,48.2,2925.31,20.45,3,72.14,1
203.06,22.91,4394.88,39.35,1,23.71,1
59.99,54.03,867.65,62.66,0,89.05,1
116.2,12.5,4099.11,66.88,4,20.22,1
207.66,8.28,1182.51,86.65,7,41.82,1
47.04,48.7,5263.8,91.5,9,97.01,0
25.94,52.13,2946.07,99.61,9,47.35,1
261.78,18.63,2671.24,30.02,9,94.63,0
269.48,27.98,721.12,99.21,11,76.86,1
239.41,50.17,2762.21,31.65,8,75.31,1
121.99,16.99,2292.03,31.52,1,1.59,0
171.11,37.1,5382.1,51.74,2,87.42,1
236.96,25.37,2821.48,67.01,10,7.07,1
127.77,19.84,5230.48,58.82,12,20.71,0
186.14,23.46,5161.22,56.33,10,36.4,1
12.26,25.15,3740.86,73.44,8,70.93,1
294.38,18.12,1067.79,53.06,12,58.01,0
67.63,24.4,1836.79,71.22,4,5.45,1
135.72,32.58,4647.8,52.31,8,67.83,0
239.97,57.0,4543.98,94.68,1,18.84,0
26.19,26.49,1394.06,96.24,1,10.94,0
262.5,33.64,3636.38,36.39,10,54.14,1
104.01,29.41,3723.42,36.24,1,2.2,0
100.76,36.83,3778.8,80.81,7,59.34,0
252.57,29.49,2020.41,21.88,12,30.65,1
86.44,51.5,1241.69,35.59,2,61.86,1
160.6,15.03,1376.8,73.73,10,79.45,0
172.36,29.25,2348.36,28.46,11,3.47,1
103.15,25.51,3199.33,24.63,4,12.15,0
284.34,56.03,1280.27,97.31,8,97.56,1
211.64,31.07,1949.14,94.96,9,66.69,0
101.61,11.18,2894.91,13.61,10,55.1,1
120.49,51.25,2729.86,18.32,0,60.82,0
230.13,15.76,917.95,86.45,10,67.16,1
153.54,15.69,2088.79,64.46,0,90.84,0
110.89,25.51,1923.25,41.62,7,87.43,1
218.36,29.43,5462.99,82.33,4,16.38,0
124.26,50.95,3489.68,22.93,4,47.46,0
295.99,8.64,5300.48,78.05,1,0.66,1
138.64,36.24,5074.36,27.93,6,28.95,1
246.84,21.61,3426.04,54.47,11,46.35,1
286.81,50.88,2862.71,68.84,4,41.72,1
206.35,18.46,1096.77,34.95,1,59.89,1
77.37,42.73,5371.29,83.65,5,51.25,1
253.58,13.96,792.55,38.77,11,13.55,1
273.63,24.58,1949.28,57.67,1,51.39,0
54.97,10.2,4263.14,58.93,5,82.68,0
206.5,10.27,3400.23,84.1,0,13.69,1
233.64,27.66,5104.54,24.67,3,15.46,0
184.03,50.73,3128.26,57.89,8,70.23,0
125.2,55.38,1082.83,21.81,0,47.95,0
266.92,37.87,4317.95,40.78,11,30.47,0
35.58,12.08,3971.22,71.92,4,12.53,0
235.21,9.28,4373.46,78.16,0,19.64,1
197.94,37.62,2845.41,91.77,0,6.62,0
276.03,16.3,5005.87,26.63,5,2.93,1
223.86,20.26,3398.76,41.7,8,78.08,1
245.88,46.98,3144.19,74.42,4,17.18,0
1.3,44.89,5121.16,92.84,11,47.47,0
32.2,50.91,5406.51,48.17,8,22.76,1
295.38,11.8,1051.58,22.23,12,36.13,1
148.11,26.16,2784.73,76.26,10,97.62,1
166.17,20.98,4776.83,26.99,1,89.48,1
3.84,42.08,3860.48,45.67,8,65.85,1
43.01,27.03,3452.79,19.15,2,6.47,0
297.2,11.75,4690.55,75.27,4,76.48,0
178.09,46.6,4504.92,94.89,5,47.58,1
83.67,47.24,1040.18,32.56,7,23.08,0
8.92,45.58,4651.56,54.83,0,97.21,1
186.59,10.3,882.59,77.64,12,49.22,1
88.07,32.38,3023.97,58.82,12,85.97,1
129.12,55.32,2418.15,38.31,6,44.26,1
53.06,41.27,4396.91,89.62,2,49.15,1
32.81,42.13,3800.39,71.68,9,46.98,1
46.89,8.07,1816.95,63.19,6,61.69,1
8.44,7.48,4684.67,41.4,11,58.4,0
187.55,25.93,2640.74,99.28,6,35.13,0
177.76,55.07,827.5,37.44,5,16.98,1
11.21,41.18,2612.37,56.33,6,26.66,0
113.32,26.47,3362.69,82.75,1,69.09,1
149.02,49.63,3836.94,25.0,4,36.33,0
236.14,51.22,3179.17,35.86,0,29.73,1
241.38,39.35,5289.71,74.59,9,9.47,0
142.58,16.54,4478.26,68.64,4,50.46,1
199.04,22.23,2571.57,32.61,8,45.32,1
211.0,52.45,3384.22,29.17,11,93.81,1
191.38,49.49,4763.87,91.62,9,72.66,1
72.11,46.05,4327.65,85.97,6,31.87,0
19.33,16.2,2562.19,84.13,10,16.06,1
44.99,6.52,4485.22,37.95,7,55.98,0
194.08,7.04,1296.79,22.28,4,78.97,0
12.67,44.74,4411.17,14.98,1,31.39,1
19.07,57.53,4983.87,70.45,1,39.69,1
171.29,32.51,1103.21,69.78,9,94.97,0
75.54,53.65,1690.38,21.0,12,31.34,0
223.19,56.45,1590.04,19.61,3,96.99,1
76.29,37.42,2951.79,43.72,1,31.65,0
263.83,56.53,2314.99,74.41,4,2.11,0
181.74,51.28,3811.12,94.68,11,91.75,1
191.68,43.53,5015.79,71.67,8,86.7,0
116.54,55.04,2464.88,98.02,4,30.09,1
257.83,13.81,2694.23,38.55,12,76.67,1
10.16,52.65,4615.99,94.64,7,73.69,1
275.56,10.52,1301.72,33.49,1,35.19,0
244.03,45.58,2766.31,12.46,0,64.14,0
0.92,16.0,2027.74,61.82,1,15.78,0
290.9,50.68,4315.81,86.23,10,41.03,0
40.05,14.54,3465.1,39.48,4,19.87,1
54.57,53.2,5223.79,89.59,3,2.07,1
68.61,9.89,2812.12,33.56,2,4.98,0
180.12,13.21,5290.16,25.31,9,11.74,0
136.11,42.05,1092.56,74.22,3,94.61,0
79.86,46.05,2410.37,48.82,3,60.01,0
125.5,27.47,1229.71,36.12,4,23.55,1
74.5,37.06,3736.18,17.72,7,13.32,0
214.0,43.96,4180.52,33.06,1,55.7,1
279.32,30.9,2271.51,64.57,10,96.72,1
76.1,39.08,2012.54,45.52,5,13.22,0
12.34,14.87,1349.33,54.36,5,87.79,0
42.54,11.43,720.81,21.51,4,74.78,0
84.88,53.23,3564.66,78.54,4,51.7,0
147.38,57.25,3278.37,93.06,10,79.82,1
44.59,17.64,679.31,33.42,11,46.71,1
132.46,59.39,3304.27,51.2,1,84.58,0
37.1,10.15,4840.87,26.26,2,74.99,0
63.72,59.89,520.63,79.02,2,41.64,1
230.48,42.23,4936.84,12.34,10,98.13,0
31.82,22.79,644.37,51.42,11,65.95,1
286.56,37.68,529.03,97.28,10,62.24,0
272.06,48.84,1146.6,87.7,12,64.36,1
16.66,8.89,5259.5,44.33,6,25.52,1
6.15,16.45,2442.51,46.22,10,75.26,0
36.18,32.0,2661.79,82.57,4,90.37,1
110.24,15.99,2727.21,44.93,4,56.31,1
226.95,49.6,3569.34,49.07,6,9.29,0
194.28,44.25,5153.34,57.46,10,52.47,1
131.21,54.9,2888.06,23.37,2,68.43,1
170.56,35.3,5086.51,56.21,8,42.49,1
198.26,36.27,1766.9,32.94,1,76.86,1
235.85,51.36,726.29,47.46,11,29.76,1
136.5,41.86,3619.05,33.86,12,18.72,1
261.48,10.85,3171.88,10.53,1,1.33,0
138.05,27.28,3788.59,76.98,11,48.67,1
202.14,42.97,2474.99,37.24,2,13.51,1
244.79,43.28,1441.11,12.41,7,64.86,0
237.0,15.5,2004.59,51.71,7,42.19,1
270.72,45.63,2726.33,53.65,0,85.98,1
250.15,7.8,539.37,66.74,11,43.18,1
148.71,36.83,4155.39,99.91,0,48.75,0
203.6,49.92,2939.51,74.29,8,1.9,1
165.98,19.73,3741.5,90.02,1,49.48,0
6.24,20.84,1461.01,40.95,3,50.76,0
205.49,55.7,4767.27,74.37,7,13.12,0
249.92,42.02,4172.92,81.64,12,97.09,1
62.16,42.99,930.96,53.46,2,19.95,1
298.13,21.7,1547.16,14.23,0,35.88,1
203.08,14.61,4797.31,55.31,12,6.37,1
67.23,19.18,2201.62,41.97,0,77.01,0
268.9,51.94,4868.48,64.39,1,70.64,1
252.48,11.1,1029.46,64.95,12,85.84,1
168.74,32.9,1335.23,20.63,3,91.1,1
151.77,45.29,996.47,68.24,5,81.92,1
60.57,58.33,4346.1,10.59,12,47.37,1
214.56,27.83,3647.2,32.09,12,75.35,1
68.45,49.1,2567.05,46.84,7,95.18,0
132.77,47.36,4088.13,56.56,1,8.48,1
294.58,14.04,807.34,78.33,10,92.25,0
294.01,48.95,4879.07,97.54,6,40.2,1
166.08,21.74,4213.49,91.83,0,82.7,1
121.18,40.41,4937.9,66.19,9,65.2,0
266.3,47.99,2522.53,27.76,4,8.43,0
263.96,33.63,3203.95,29.24,8,55.18,1
227.11,13.8,639.46,81.69,9,25.87,1
151.58,45.26,4707.92,33.38,8,35.45,1
195.29,11.86,1989.81,76.32,7,33.9,1
214.39,56.56,3827.6,86.0,3,35.03,1
235.44,44.32,3862.17,74.29,8,73.75,1
233.56,29.99,1232.77,48.31,6,8.19,1
266.55,31.19,2730.82,43.24,8,40.28,0
175.29,40.01,5482.56,72.01,7,73.17,1
48.85,32.82,2923.82,51.19,11,51.32,1
9.78,13.63,3295.13,92.95,1,60.16,1
36.26,36.45,701.41,23.8,5,30.49,1
42.86,48.11,2608.78,94.31,4,88.91,1
245.74,31.88,1111.64,41.38,0,41.76,0
234.4,31.14,4100.17,64.51,12,13.85,1
228.5,41.7,1244.91,75.51,1,79.98,1
118.62,34.75,5290.4,90.1,11,27.74,1
49.68,6.36,3650.55,79.44,4,56.1,1
185.61,36.73,764.37,61.32,3,75.06,1
5.6,41.2,3159.3,96.61,4,78.68,0
133.27,49.38,3534.27,46.16,0,49.15,0
101.99,14.93,620.28,57.51,6,25.72,1
43.21,19.06,948.14,37.61,6,67.86,1
288.34,14.98,4066.5,36.82,1,32.0,1
248.32,11.65,1512.8,77.69,9,23.65,1
151.33,57.21,1846.44,38.65,8,40.71,1
265.85,19.8,5317.37,70.76,3,76.3,0
37.67,36.25,2729.91,86.17,8,20.35,0
234.61,34.56,2618.76,92.03,7,4.18,0
288.33,39.14,3765.29,25.06,0,93.35,0
114.05,24.33,3661.03,62.66,8,28.13,1
160.23,8.85,948.58,72.86,2,72.51,1
151.45,49.11,4919.66,95.09,10,26.14,0
135.82,18.53,5415.11,40.75,7,95.9,1
276.68,38.48,521.4,10.86,2,41.32,0
210.99,46.94,3190.66,80.86,10,65.13,0
133.55,11.79,5360.2,43.87,9,35.8,1
230.39,43.34,542.16,51.64,3,44.46,1
276.42,24.68,949.83,65.21,4,80.84,1
294.04,58.2,683.98,54.36,11,70.7,0
118.83,52.85,3345.51,54.46,8,19.38,0
201.65,38.16,1377.64,62.93,11,6.5,1
156.92,48.02,1459.26,71.02,11,67.77,1
204.2,53.57,509.77,48.44,10,94.31,1
298.53,20.07,3900.87,51.99,5,51.73,1
216.37,7.58,5091.96,57.92,5,0.52,0
7.61,45.56,5390.48,48.14,1,91.7,1
98.77,8.46,3626.47,12.51,6,80.81,1
75.12,10.93,1691.8,40.67,0,82.16,0
71.02,9.01,3499.82,49.47,1,62.53,1
10.0,22.23,4738.46,15.85,2,6.2,0
16.44,38.59,2659.19,19.16,0,55.93,1
225.59,17.82,3497.88,69.38,0,45.34,1
128.43,39.11,1006.39,68.58,10,78.29,1
30.81,37.73,837.72,81.05,3,90.44,1
152.67,24.55,2907.0,65.88,2,24.32,1
130.75,57.79,4271.87,38.01,8,77.55,1
92.6,23.86,2344.15,10.73,9,65.77,0
167.83,8.0,2219.08,97.89,10,90.85,0
102.47,41.73,3973.91,98.37,9,69.24,1
89.89,23.07,1024.24,88.85,0,49.59,0
191.63,43.13,2832.68,29.18,7,73.46,0
61.59,15.13,5449.39,42.65,1,35.79,0
42.72,29.22,3656.67,92.14,5,4.39,1
265.61,44.54,2199.09,59.91,2,19.6,1
78.54,10.57,4657.23,22.35,10,78.74,1
72.04,49.52,3804.54,94.7,12,99.77,0
263.52,8.6,1222.16,93.17,12,18.96,1
128.86,39.99,5105.07,78.68,9,18.91,1
236.88,23.02,766.29,81.61,2,85.15,1
24.42,30.89,3817.51,15.84,8,38.81,0
225.34,25.58,3094.46,26.11,11,37.39,1
80.5,27.05,5105.93,62.56,0,20.72,0
135.62,17.89,1592.97,48.25,6,57.14,1
40.3,9.62,2722.53,41.64,9,4.11,0
100.91,29.81,2662.53,43.08,7,31.7,1
193.61,24.75,912.09,85.83,8,54.67,1
82.93,17.53,1092.94,42.42,8,20.03,1
244.67,42.59,1872.32,73.51,2,99.84,0
221.95,55.18,542.67,36.95,5,78.31,1
196.59,30.96,3063.23,78.5,2,86.55,1
217.0,16.54,1668.62,62.83,8,75.76,0
93.92,15.33,4350.66,72.81,3,43.87,0
9.03,12.64,4868.75,37.5,11,0.97,1
125.74,42.72,2516.84,80.08,8,29.96,0
170.27,6.77,1195.67,97.95,5,56.82,1
117.27,25.97,5243.46,15.73,6,18.83,1
170.85,29.83,4973.72,18.39,1,67.49,0
8.05,15.94,5056.73,44.73,3,23.3,0
20.99,8.16,3092.66,25.46,6,39.11,1
222.94,26.39,5017.94,28.58,3,30.98,0
199.44,13.73,3375.46,37.93,3,50.25,1
42.81,8.52,2496.18,82.68,8,32.89,0
147.29,30.45,695.42,18.2,10,88.1,0
89.23,38.72,4549.92,25.76,3,17.96,0
129.62,26.16,3795.4,72.87,1,39.36,0
82.13,39.54,1959.45,92.47,11,72.65,0
272.62,27.62,4309.3,20.91,5,7.65,1
135.28,18.9,3030.32,51.6,1,63.89,0
138.57,23.9,2496.71,27.5,0,1.07,1
224.6,31.66,841.19,59.36,3,71.36,1
141.24,20.35,1306.83,85.46,9,10.05,1
23.28,47.0,3886.92,23.81,5,17.79,0
267.81,34.28,2710.29,14.3,10,81.15,0
117.19,21.96,762.08,10.42,12,37.74,1
74.91,54.98,1499.93,11.44,0,98.93,0
66.17,53.53,4484.62,84.74,2,72.4,1
153.75,49.86,2113.4,66.41,9,20.71,1
64.13,24.61,1368.11,46.19,5,1.2,1
66.03,41.19,1892.29,66.15,0,6.73,0
294.93,10.6,3180.91,99.15,9,17.15,0
179.96,58.98,3981.58,71.01,12,69.37,0
95.39,51.84,2910.65,40.16,9,91.21,1
153.31,45.8,3017.1,73.42,0,23.26,1
221.37,46.65,3598.83,15.39,5,49.87,1
112.72,40.31,1690.32,75.28,7,73.93,0
228.15,33.65,5387.84,68.32,4,75.06,1
219.86,23.85,1529.09,14.87,10,98.84,1
261.81,33.68,1417.73,66.68,1,86.99,1
57.74,39.89,1207.66,28.38,1,17.37,1
152.23,28.44,2835.37,24.77,3,24.49,1
74.69,20.69,2741.36,67.2,4,86.24,1
113.32,30.89,2613.49,64.85,6,76.03,0
238.07,6.09,2407.1,86.86,12,90.65,1
52.71,25.92,2029.24,35.49,8,60.6,1
41.0,30.81,1273.62,27.07,0,86.17,1
124.75,26.71,4210.97,44.56,4,64.1,0
122.64,7.14,5108.02,44.63,9,16.24,0
225.47,24.17,4045.64,67.15,5,69.65,0
277.96,45.46,1711.76,13.11,5,63.1,0
78.4,30.05,3905.33,32.89,9,57.83,0
48.43,11.42,961.53,74.04,6,39.77,0
56.65,28.26,4648.75,32.76,4,50.06,0
266.0,37.23,4169.67,77.72,11,86.94,0
244.27,19.8,1547.63,77.35,11,30.81,0
244.92,5.09,849.21,72.67,8,41.68,1
55.92,12.39,2932.36,55.24,1,45.07,0
55.69,8.24,1413.65,78.32,4,98.29,0
32.76,40.0,899.05,17.71,1,27.68,1
175.69,31.28,3864.02,19.07,0,26.61,0
12.56,16.61,4458.93,43.81,8,98.69,0
279.64,31.03,2185.15,48.65,5,68.19,1
108.36,26.92,3554.05,97.78,5,80.63,1
261.16,27.1,4677.11,93.25,0,60.19,0
244.52,25.26,3591.76,69.3,7,51.49,0
0.94,40.09,5209.69,39.0,10,36.02,1
133.29,38.37,2500.83,65.13,1,34.83,0
282.44,31.19,3791.7,72.95,1,73.43,1
156.02,36.45,4784.01,55.42,2,49.79,1
249.71,59.8,5436.1,52.01,7,95.51,1
51.13,56.93,3999.55,19.49,11,2.92,0
97.95,26.09,1901.79,74.73,10,47.63,1
160.36,44.9,952.21,72.26,3,93.18,0
180.2,40.42,2385.05,74.57,11,72.5,0
131.09,17.84,1795.47,36.19,1,8.91,0
281.16,45.95,1080.53,43.1,5,95.41,1
160.68,51.59,5399.25,38.77,5,79.75,0
37.89,41.51,3453.88,19.59,0,53.83,0
251.16,32.49,2778.92,64.13,2,74.71,0
248.33,6.89,2100.7,55.21,11,12.35,1
248.61,32.23,4020.7,43.9,12,33.31,0
63.18,45.3,4552.09,73.04,0,92.32,0
89.73,49.83,5061.88,24.33,0,54.79,1
203.37,59.47,4288.57,45.2,8,72.68,0
164.4,10.35,2117.09,81.21,12,5.41,0
91.22,41.0,3385.79,49.77,7,29.11,0
220.6,5.5,4129.79,61.81,10,78.55,0
112.97,59.05,3897.23,25.14,0,9.6,1
294.08,40.76,3466.96,97.28,10,72.26,1
35.64,26.82,2013.45,63.65,2,65.28,0
197.56,47.78,4824.48,68.53,4,63.23,1
3.48,11.41,1110.26,67.73,8,22.49,0
208.12,10.2,3464.4,44.56,10,70.27,1
37.57,22.89,4068.84,87.6,8,18.49,1
160.93,49.67,2942.82,56.7,9,53.9,0
195.51,46.44,1537.32,69.27,1,18.07,1
240.15,11.77,1144.08,28.56,2,8.78,1
225.92,9.65,1123.59,36.87,8,17.16,1
13.85,57.02,5023.1,36.41,8,44.49,0
208.53,33.75,5430.1,41.69,8,51.06,1
11.02,12.79,4780.43,29.37,2,60.21,1
107.72,12.07,3611.56,16.69,4,26.07,0
283.42,42.21,5201.0,22.89,3,7.06,0
298.61,43.32,1463.14,43.49,10,64.78,0
94.91,48.33,2394.71,96.76,3,7.75,1
33.0,35.16,829.8,67.62,5,90.92,0
82.09,10.39,5397.43,30.0,1,78.27,1
157.94,53.15,3444.14,82.61,1,52.9,1
182.24,54.31,1353.74,95.19,6,18.07,0
203.34,48.38,3258.36,89.38,6,47.69,1
46.65,11.95,2394.0,76.19,0,91.84,0
111.05,47.76,3891.08,47.64,7,18.31,1
82.75,28.53,5208.39,89.32,3,30.52,0
284.24,27.36,2063.68,18.11,1,7.67,0
25.38,20.72,5147.95,82.75,0,96.22,1
152.6,45.19,2898.28,56.35,10,88.81,1
273.27,46.03,4070.8,73.23,11,34.51,0
198.35,55.63,5495.84,95.04,10,60.92,0
264.58,33.79,1625.34,16.76,2,51.37,0
126.82,25.85,2366.42,20.19,10,24.98,1
89.75,21.14,1565.33,76.42,9,39.36,0
278.73,57.75,3077.65,90.41,7,89.25,1
138.11,21.41,1035.82,41.47,11,18.62,1
30.4,32.06,923.72,56.29,2,41.07,0
75.04,30.89,2371.55,42.8,2,53.64,1
296.81,41.1,2696.78,22.59,11,43.4,1
56.87,7.21,2472.73,76.95,0,16.03,1
143.79,41.59,1829.0,47.9,8,49.56,0
234.1,26.99,4129.97,76.77,6,13.14,0
237.81,11.94,2220.6,11.23,10,23.65,0
221.23,28.89,1947.33,53.73,12,42.9,1
218.77,15.28,1905.69,20.35,4,99.43,1
211.94,49.55,4005.72,55.21,2,18.87,0
188.67,13.18,1102.31,46.12,4,99.04,0
27.28,7.8,2536.49,37.58,10,98.01,1
127.82,8.37,2635.36,14.65,1,26.92,0
95.95,7.62,704.45,14.69,11,32.16,1
84.05,38.36,2654.54,32.7,7,36.36,1
165.53,52.41,2156.06,76.72,5,74.29,1
181.41,18.1,1879.73,62.59,1,88.72,1
175.97,55.17,3771.78,27.14,11,44.58,1
282.55,39.05,2007.38,52.68,12,20.2,1
165.15,18.89,4885.38,86.81,8,97.51,0
134.54,44.45,5054.25,16.09,6,52.38,1
82.24,58.21,1948.28,96.02,0,79.44,0
222.21,26.86,3923.47,88.32,1,16.55,0
120.25,19.93,1420.33,24.4,3,59.21,1
278.59,33.2,3019.09,74.85,4,30.34,1
51.33,7.51,1691.08,13.52,2,94.2,1
39.89,53.04,757.6,98.2,3,53.46,1
110.73,9.58,4027.31,59.43,11,13.36,0
88.47,59.19,3629.78,10.94,5,21.93,0
161.22,58.83,4390.93,80.25,1,72.26,0
283.7,19.15,3631.15,64.39,3,81.68,1
242.32,46.41,1278.21,30.86,11,43.39,1
143.7,32.28,2796.95,83.4,2,18.89,0
6.31,13.96,1388.67,45.48,9,18.78,1
127.92,30.03,3725.59,46.23,11,52.68,1
113.36,6.14,4632.81,78.71,10,93.47,1
231.04,19.72,5192.99,63.97,12,96.64,0
101.52,43.91,1511.61,53.24,9,89.24,0
92.22,31.34,1719.04,58.92,4,62.75,1
89.02,33.13,4682.42,22.77,3,2.4,1
44.21,41.05,1629.42,89.11,6,68.68,1
297.23,17.35,5282.33,35.36,1,61.57,1
277.0,55.59,4977.93,64.41,2,42.86,1
267.94,42.79,3623.79,35.83,1,27.11,1
110.73,19.6,5034.92,81.88,12,0.22,1
96.08,26.48,4106.72,80.7,7,81.46,1
128.24,44.97,1223.34,39.07,2,18.19,1
208.03,27.77,4467.51,40.01,12,94.4,0
114.96,35.21,3193.74,54.33,8,82.14,1
173.36,43.14,4241.42,73.28,3,36.17,1
255.18,24.93,2869.63,22.02,1,5.96,0
245.7,21.21,1220.7,86.8,6,24.25,0
16.76,12.58,5310.26,73.36,6,73.31,1
31.8,36.99,2884.13,63.45,2,3.02,1
23.7,9.24,3345.92,83.23,2,76.54,0
284.63,30.86,4112.79,49.96,10,69.52,1
46.77,53.46,660.6,77.6,8,16.03,0
136.29,44.13,1790.27,61.49,4,70.94,1
47.04,58.52,3107.51,98.01,2,74.31,1
246.75,58.68,3525.42,16.95,11,46.84,1
192.57,50.5,1324.12,82.3,10,42.42,1
233.64,23.45,1697.65,24.65,1,6.53,0
226.96,22.0,3258.46,67.46,0,24.03,1
295.95,31.61,740.24,18.39,4,0.85,1
84.72,26.9,1474.42,77.67,11,35.58,1
268.95,32.7,3010.89,79.76,0,58.72,1
175.91,51.86,1950.6,23.64,7,7.88,1
64.69,42.48,1204.31,74.67,8,51.63,0
195.42,56.16,2207.08,80.68,5,29.08,1
213.83,42.56,1695.55,99.73,9,7.5,1
188.34,32.36,4523.63,22.84,4,54.71,1
28.23,22.25,5170.28,24.53,4,57.65,1
21.34,44.09,2803.71,98.75,4,76.31,0
291.5,31.85,2317.36,35.8,6,85.7,0
38.7,25.17,4724.18,95.68,5,8.35,0
297.37,7.35,5387.16,15.14,12,24.48,0
2.38,51.92,1953.3,24.24,6,85.38,0
104.68,30.77,3175.58,83.65,1,8.58,0
275.24,55.74,4341.08,27.95,5,6.45,1
222.39,11.29,2772.89,59.06,7,14.55,1
170.46,59.33,4371.03,15.62,12,36.15,1
260.41,57.4,3918.36,34.29,10,17.61,1
82.17,9.49,4868.88,50.63,6,52.48,0
27.73,54.59,2210.1,77.79,2,19.86,0
144.49,34.45,4419.29,96.9,6,35.47,1
234.92,37.84,889.04,70.12,9,14.46,0
247.05,45.39,4626.17,75.98,0,15.05,0
34.08,58.35,2531.93,56.86,0,98.82,0
257.18,39.89,3694.58,62.05,0,21.86,1
49.83,25.77,2240.43,95.71,10,57.68,1
244.13,5.89,4983.27,55.19,1,69.93,1
105.66,34.84,3115.85,78.86,1,92.63,1
111.94,35.4,1313.29,49.23,4,84.51,1
186.11,55.88,4784.99,99.58,12,83.72,1
4.93,56.29,1018.38,77.49,9,92.72,1
9.79,20.94,2603.2,30.06,7,55.16,1
256.9,57.28,2253.07,81.44,7,41.29,1
2.28,25.61,1619.68,35.52,10,26.45,0
238.54,27.81,1707.77,91.02,6,3.27,0
155.69,45.77,2087.35,25.34,9,99.28,1
292.05,15.6,3722.17,84.57,12,93.19,1
218.43,27.17,2090.62,24.26,3,9.96,0
151.28,39.73,4421.41,85.87,10,91.67,1
27.98,6.41,557.69,79.3,2,2.78,0
276.18,9.33,2412.02,76.81,2,98.34,1
195.76,17.2,1469.14,85.64,11,78.0,0
231.12,41.26,1874.82,94.15,10,2.31,1
278.16,11.75,1209.18,33.58,2,9.28,1
108.42,51.11,2454.0,54.19,0,41.37,1
125.97,53.93,3667.76,50.58,2,17.98,1
53.6,36.2,3533.27,12.83,5,99.37,0
47.52,45.79,5132.92,27.36,0,53.6,0
228.29,16.9,2324.45,90.87,0,32.75,0
80.28,31.49,5266.15,41.37,8,65.19,1
242.7,28.98,5231.73,93.01,4,17.3,1
117.85,37.1,4332.24,38.04,12,20.58,0
130.04,29.54,3481.65,34.45,5,62.29,0
112.19,39.8,821.33,25.05,0,95.81,1
122.94,38.21,4886.26,95.53,8,35.23,1
237.27,24.68,863.2,69.13,5,14.5,1
2.89,42.86,4084.01,29.24,9,79.52,1
180.54,34.0,1014.6,35.02,9,94.63,0
201.4,36.57,3731.35,71.39,6,31.78,0
149.6,59.46,2606.19,21.17,2,60.14,1
70.93,6.17,589.18,80.5,9,98.8,0
120.84,54.27,5090.17,13.52,10,1.63,1
248.96,27.83,2004.99,38.55,5,40.03,0
118.0,43.31,2772.91,86.38,1,84.31,0
30.82,17.32,4627.28,22.49,5,86.14,1
217.23,49.68,4580.74,58.38,0,93.41,0
77.91,48.17,1054.02,95.24,1,26.37,1
209.6,55.87,3417.27,20.79,5,86.19,0
266.34,58.12,2566.47,50.21,1,52.18,1
84.16,47.5,2913.53,18.26,12,29.62,1
167.55,53.01,3797.4,76.17,3,69.5,1
201.15,30.75,2425.3,53.89,5,20.87,1
158.29,52.22,4302.44,38.06,7,65.53,1
275.01,26.21,2762.16,65.84,3,78.0,1
83.35,14.03,2035.73,88.28,10,10.21,1
4.98,30.35,1833.78,52.86,8,45.26,1
278.08,9.62,2657.37,23.56,8,43.08,1
14.74,26.04,5140.1,27.45,3,40.27,0
158.87,32.15,2667.83,71.3,10,24.89,0
172.57,18.13,3160.66,34.79,9,69.95,1
117.87,17.09,4620.34,72.25,7,20.57,1
178.89,45.36,971.21,55.29,11,62.21,0
255.77,42.84,1351.16,71.33,2,18.73,1
142.38,23.37,1387.58,33.74,1,17.07,0
2.92,24.37,2869.15,10.09,3,47.26,0
87.2,17.56,3015.73,77.95,12,9.39,1
220.86,29.89,4174.08,99.08,4,66.34,0
90.34,23.36,3089.16,69.75,9,48.44,1
155.79,40.19,1239.5,46.93,3,65.94,1
222.3,58.53,2297.1,76.99,3,92.06,1
32.38,20.07,3634.46,59.04,7,98.73,0
104.65,23.22,3445.74,95.07,4,30.93,1
156.02,23.88,3561.84,49.01,7,56.67,1
2.5,56.0,1235.66,71.28,8,96.67,0
199.3,21.7,1941.3,81.98,0,45.39,1
146.51,5.28,2261.28,85.07,0,25.14,1
84.98,52.25,3826.63,79.2,2,95.37,0
129.62,55.5,1954.01,12.89,5,24.87,0
115.87,26.95,5020.81,90.37,4,59.7,0
241.31,12.65,4338.3,32.5,6,55.43,1
25.68,36.17,3641.59,59.12,6,78.24,1
208.24,32.71,3925.82,42.18,5,42.77,1
123.08,6.52,3294.55,96.17,6,8.84,0
174.1,25.52,3604.45,90.99,4,5.35,0
37.78,41.85,2814.04,78.67,8,46.02,0
194.96,23.34,987.0,36.15,7,69.06,0
36.43,37.15,3054.1,74.53,11,20.51,1
67.06,42.16,4761.28,37.08,4,71.91,0
241.69,39.3,1503.5,16.04,2,60.38,1
142.12,50.8,2719.08,15.01,1,29.99,1
55.21,17.92,4738.64,33.42,9,68.13,1
190.86,15.16,4592.75,69.17,2,51.15,0
60.11,31.43,1947.25,19.0,9,49.3,0
32.2,27.93,2624.16,12.52,7,12.01,1
174.16,6.87,3752.11,69.15,7,4.26,1
216.92,20.23,5408.77,42.2,8,21.08,0
157.52,33.22,1372.48,23.63,10,71.92,0
83.5,46.94,2014.65,45.45,10,48.37,0
181.75,14.92,4042.5,55.63,10,52.54,0
104.43,38.96,2518.87,14.04,11,15.92,1
31.87,56.38,2882.07,78.39,12,80.86,0
52.2,54.09,4279.07,47.81,1,6.19,1
11.23,46.25,2707.64,43.69,10,84.07,0
113.29,59.39,3368.9,27.98,4,49.11,0
67.65,45.82,2670.32,57.57,12,19.23,0
61.06,49.55,4966.46,42.36,6,56.83,0
102.21,42.53,5288.72,75.55,8,49.62,1
105.63,39.02,3293.49,22.41,1,43.89,0
262.19,36.3,1135.96,56.55,1,11.79,1
67.21,56.73,5111.37,32.62,11,35.79,0
47.36,20.84,3172.12,31.73,8,93.18,1
209.26,11.1,2854.89,92.57,4,65.32,1
126.42,16.03,4940.14,15.35,3,54.71,0
263.48,17.96,864.56,95.32,9,70.31,0
10.61,58.96,5249.54,63.83,9,92.94,1
217.0,10.72,2982.98,30.27,5,43.15,1
254.95,58.43,607.22,14.98,12,78.18,1
205.08,6.0,2910.87,44.84,6,69.54,1
128.05,12.58,2689.76,90.74,5,35.18,1
27.6,5.55,2565.33,77.73,12,79.32,1
297.28,5.82,4099.13,83.14,1,5.67,1
180.72,53.97,5490.44,21.67,6,47.87,1
23.04,18.76,3218.23,54.54,11,81.34,1
90.82,25.18,3257.03,88.21,3,52.68,1
209.33,32.69,769.99,91.04,11,95.06,0
252.43,33.65,2024.7,59.77,1,37.24,0
42.59,58.79,3991.71,68.49,7,95.3,1
176.47,21.52,5325.48,15.37,9,38.39,1
114.78,29.42,1622.24,44.14,10,43.11,1
104.34,6.43,3543.7,90.39,4,81.02,0
227.18,23.75,4646.2,49.07,6,78.26,0
165.99,57.39,5162.36,35.87,8,46.35,1
170.49,33.54,1312.74,44.32,11,99.26,1
204.78,20.09,5494.03,79.42,4,33.75,1
184.66,24.89,3796.15,80.42,12,77.16,1
250.8,51.62,2719.04,11.55,0,46.64,0
144.06,51.44,1589.21,15.27,1,27.64,1
53.94,47.13,1880.72,88.21,2,22.74,1
261.37,41.08,1663.36,68.91,2,68.44,1
215.21,8.34,4072.75,33.31,4,1.61,0
254.82,34.72,723.67,31.12,1,7.75,1
97.74,25.42,4613.46,47.44,10,42.65,1
7.41,38.38,2301.43,97.76,10,37.47,1
110.49,21.0,1250.32,63.21,1,60.9,0
153.24,47.95,3040.91,62.33,5,93.99,0
45.02,46.94,3746.06,95.97,3,56.54,0
189.1,45.37,3194.84,20.91,8,79.82,1
95.08,15.73,3376.22,92.0,5,24.31,0
108.59,30.07,4240.94,20.39,3,44.5,1
168.14,9.2,2311.48,53.57,3,44.9,1
170.8,50.47,1126.41,58.39,12,90.93,1
238.76,23.79,1089.82,46.77,8,98.32,0
189.79,47.5,4999.36,88.88,0,16.68,0
140.96,10.55,4847.29,85.05,0,69.0,0
39.71,52.68,5093.12,91.38,5,12.75,1
101.04,50.36,2183.2,64.79,1,99.41,1
221.62,24.52,2744.48,46.8,7,74.07,0
220.03,44.8,3447.79,83.81,8,8.38,0
178.07,25.34,3747.02,44.14,7,17.67,0
69.68,32.13,741.44,56.59,8,57.98,0
128.01,22.75,2092.89,26.06,2,4.19,0
129.16,20.3,4897.92,38.29,5,28.48,1
82.15,29.14,4926.75,35.96,4,98.88,0
42.3,16.38,4693.95,77.94,0,59.84,1
267.19,34.59,1475.66,53.95,0,36.95,1
133.45,11.94,2769.25,92.62,11,70.63,0
133.32,28.77,1815.28,87.81,4,73.16,1
238.0,45.0,2135.58,55.64,4,45.35,0
201.62,9.07,3939.69,90.3,0,43.34,1
252.43,41.36,4887.87,13.21,10,62.73,1
175.9,52.97,1601.05,27.61,7,15.14,1
59.57,53.17,5254.16,87.14,11,21.42,1
147.21,38.62,4049.95,13.49,11,26.31,0
145.27,41.13,1400.32,37.01,3,87.5,0
147.07,39.65,3489.21,58.91,4,9.65,0
86.18,58.31,2126.99,69.62,1,17.62,0
198.18,24.12,2490.45,21.53,7,84.01,0
8.69,19.74,1575.53,86.59,6,6.08,0
78.48,22.47,2456.89,49.78,6,26.07,1
190.88,7.51,2738.18,29.92,2,53.6,0
33.09,58.25,3553.76,21.63,8,1.99,1
211.42,55.17,4334.21,59.76,10,4.92,1
160.64,59.19,4690.75,45.6,11,22.93,1
64.68,45.33,5200.07,13.25,0,75.51,0
150.45,48.52,711.43,35.48,0,23.0,1
37.09,48.12,3776.38,21.81,11,87.66,0
22.96,32.75,4017.45,75.94,0,1.47,1
220.76,48.59,1471.42,64.51,4,78.48,1
223.05,21.62,2794.53,18.97,10,57.62,1
121.9,20.32,1922.11,73.26,8,24.46,1
149.11,26.65,2363.69,59.19,1,45.23,0
134.13,31.22,1044.74,37.95,2,80.97,0
28.62,14.31,4824.14,54.08,3,8.39,0
251.9,46.83,794.66,54.41,6,31.15,1
45.18,22.68,3326.56,46.59,0,26.81,0
149.94,57.77,1678.7,51.52,7,51.44,0
297.83,9.48,1025.22,72.93,6,12.73,1
59.21,52.84,1068.32,89.7,7,17.07,0
146.16,46.19,3235.43,45.95,4,11.76,0
81.33,22.73,4947.73,60.74,2,14.15,0
61.34,38.77,4072.37,56.74,4,47.21,0
298.86,56.03,1321.19,74.36,7,0.98,1
45.1,8.69,5384.88,38.07,3,19.93,1
187.49,37.69,833.86,67.27,3,34.5,1
57.79,20.63,5057.55,48.35,11,30.58,1
162.31,41.27,887.38,23.72,11,21.64,1
169.1,11.97,3111.59,68.03,6,33.02,1
242.19,52.92,3842.48,52.61,2,0.27,1
64.93,56.13,3574.62,22.9,7,87.46,1
153.51,29.18,3824.21,39.44,8,76.0,1
117.97,47.57,4031.22,41.95,8,31.7,1
49.83,39.86,1888.68,22.86,6,56.05,1
236.69,42.7,3289.53,49.19,5,17.8,0
103.8,28.32,3584.87,88.87,3,38.25,1
224.29,5.59,2710.4,57.34,0,58.62,0
150.84,5.71,1865.14,68.25,10,47.87,1
208.65,18.92,3626.35,97.4,0,86.32,1
147.09,31.04,4874.68,77.55,12,10.39,1
183.88,44.23,4028.2,25.92,2,8.28,1
213.18,22.28,4789.45,34.97,3,65.51,0
99.8,41.96,4998.33,90.8,2,90.57,0
282.16,27.17,4688.58,70.27,1,19.29,0
44.25,19.66,1362.93,14.01,9,19.87,0
251.36,5.18,1868.82,41.56,5,46.63,0
25.83,56.17,940.81,92.62,2,72.96,0
230.02,48.38,1587.63,43.71,1,87.72,0
92.33,42.45,5213.29,87.81,11,75.58,0
53.4,12.72,2077.7,30.34,3,27.28,1
293.78,19.26,2697.99,18.32,5,57.87,1
189.31,50.75,683.66,85.13,6,15.57,1
298.13,28.86,3730.04,71.38,4,20.74,0
238.29,9.99,4367.04,33.24,7,26.08,0
155.11,39.71,2876.05,52.05,5,37.23,1
210.39,39.62,4846.65,10.71,6,47.55,1
270.89,15.29,2290.02,24.65,8,18.62,1
172.79,28.92,2496.67,85.07,4,72.34,1
144.77,27.06,700.64,93.61,3,76.32,1
232.22,57.47,2503.75,12.57,8,16.64,1
179.06,43.37,3120.43,95.63,9,75.19,0
291.1,22.01,4329.12,82.13,7,39.6,1
197.58,16.02,1360.34,37.68,2,23.62,1
205.41,51.51,2371.29,52.96,5,9.99,1
118.21,16.69,2861.53,43.87,7,70.62,1
228.91,12.34,4366.3,90.82,10,73.04,1
118.16,8.94,2941.55,76.64,9,2.69,1
108.68,32.58,507.96,63.93,6,91.46,0
41.42,15.34,1556.16,49.19,5,38.41,1
202.58,31.44,1805.1,95.95,2,16.35,0
250.27,30.57,913.2,71.75,1,65.59,1
38.62,32.88,3931.49,11.04,10,95.99,1
231.41,21.66,1793.25,67.07,9,80.71,0
213.61,51.43,5358.85,20.05,2,98.07,1
115.04,42.11,1251.94,40.34,11,59.02,0
136.5,7.67,1908.57,20.94,7,46.03,1
179.8,25.31,2628.51,70.75,12,81.92,1
5.26,22.85,3679.91,63.62,5,73.19,0
118.86,14.64,3174.93,21.34,2,63.29,0
206.7,18.43,4627.86,85.14,11,82.05,1
12.19,22.96,691.44,64.84,11,63.78,0
23.63,56.01,4246.33,48.03,0,18.39,0
216.48,45.85,896.42,92.11,1,79.36,0
161.75,48.65,3971.29,14.39,9,47.29,0
131.08,46.08,4391.54,34.92,10,4.57,1
1.52,16.39,4410.25,69.15,4,26.71,0
292.77,22.5,1606.62,11.63,5,22.11,0
138.19,28.14,3476.15,58.73,7,92.99,1
102.18,24.05,2721.92,51.58,11,49.9,1
120.88,41.34,3356.57,17.07,7,56.13,1
62.27,59.17,2345.96,36.26,5,45.15,0
187.28,36.07,2576.96,78.84,12,97.34,1
147.23,17.91,5105.88,21.85,9,94.88,1
33.19,20.91,4824.47,79.02,11,97.89,1
105.61,16.98,5002.29,35.1,12,36.32,0
228.53,22.48,3178.14,45.3,6,49.48,1
247.84,29.72,5119.55,25.99,4,0.33,0
205.01,10.41,3400.79,47.63,6,41.03,0
185.66,12.62,3599.6,99.9,9,57.06,1
49.94,39.4,3921.82,95.67,0,74.3,0
196.23,35.36,4817.19,86.53,2,45.78,1
213.84,15.99,1163.25,15.83,0,20.7,0
73.51,38.18,5448.57,81.71,7,50.02,1
276.05,13.76,2811.06,96.62,0,74.86,0
121.9,33.59,2851.05,44.68,12,41.71,1
232.98,40.59,3170.85,12.13,7,82.78,1
243.5,50.56,4125.75,13.59,6,71.66,1
37.22,13.03,1812.5,84.27,12,79.16,0
109.94,41.11,1209.75,31.88,7,21.01,1
269.76,32.04,1723.64,33.4,4,68.92,1
135.11,19.19,1876.49,13.22,2,14.8,1
108.82,21.02,5223.96,24.25,10,30.47,0
201.98,13.49,4525.99,21.57,9,29.23,1
63.5,21.66,3421.17,33.35,11,50.86,0
155.05,31.23,5000.02,97.52,10,15.59,1
259.62,31.69,1345.6,57.27,2,48.4,1
200.62,8.56,1624.13,28.58,2,27.83,0
106.95,30.26,5063.51,91.57,11,84.57,0
157.24,17.56,1512.65,69.78,6,62.64,1
288.5,51.56,3188.65,17.15,12,5.6,1
